--
-- PostgreSQL database dump
--

--
-- Data for Name: app_config
--

INSERT INTO public.app_config (id, model_url, video_source, created_at, model_name) VALUES (1, 'ovms:8081', 's3://config/uploads/bluejayclear.mp4', '2026-04-14T09:28:34.830669', 'bird');
INSERT INTO public.app_config (id, model_url, video_source, created_at, model_name) VALUES (2, 'ovms:8081', 's3://config/uploads/combined-video-no-gap-rooftop.mp4', '2026-04-14T09:28:34.852855', 'ppe');
INSERT INTO public.app_config (id, model_url, video_source, created_at, model_name) VALUES (3, 'ovms:8081', 's3://config/uploads/cars.mp4', '2026-04-14T09:28:34.881593', 'yolov8n');
INSERT INTO public.app_config (id, model_url, video_source, created_at, model_name) VALUES (4, 'ovms:8081', 'rtsp://video-stream:8554/live', '2026-04-14T09:28:34.911624', 'ppe');
--
-- Data for Name: detection_classes
--

INSERT INTO public.detection_classes (id, app_config_id, model_class_index, name, trackable, include_in_counts) VALUES (1, 1, 0, 'Bluejays', true, true);
INSERT INTO public.detection_classes (id, app_config_id, model_class_index, name, trackable, include_in_counts) VALUES (2, 1, 1, 'Cardinals', true, true);
INSERT INTO public.detection_classes (id, app_config_id, model_class_index, name, trackable, include_in_counts) VALUES (3, 2, 0, 'Hardhat', false, true);
INSERT INTO public.detection_classes (id, app_config_id, model_class_index, name, trackable, include_in_counts) VALUES (4, 2, 1, 'Mask', false, true);
INSERT INTO public.detection_classes (id, app_config_id, model_class_index, name, trackable, include_in_counts) VALUES (5, 2, 2, 'NO-Hardhat', false, true);
INSERT INTO public.detection_classes (id, app_config_id, model_class_index, name, trackable, include_in_counts) VALUES (6, 2, 3, 'NO-Mask', false, true);
INSERT INTO public.detection_classes (id, app_config_id, model_class_index, name, trackable, include_in_counts) VALUES (7, 2, 4, 'NO-Safety Vest', false, true);
INSERT INTO public.detection_classes (id, app_config_id, model_class_index, name, trackable, include_in_counts) VALUES (8, 2, 5, 'Person', true, true);
INSERT INTO public.detection_classes (id, app_config_id, model_class_index, name, trackable, include_in_counts) VALUES (9, 2, 6, 'Safety Cone', false, false);
INSERT INTO public.detection_classes (id, app_config_id, model_class_index, name, trackable, include_in_counts) VALUES (10, 2, 7, 'Safety Vest', false, false);
INSERT INTO public.detection_classes (id, app_config_id, model_class_index, name, trackable, include_in_counts) VALUES (11, 2, 8, 'machinery', false, false);
INSERT INTO public.detection_classes (id, app_config_id, model_class_index, name, trackable, include_in_counts) VALUES (12, 2, 9, 'vehicle', false, false);
INSERT INTO public.detection_classes (id, app_config_id, model_class_index, name, trackable, include_in_counts) VALUES (13, 3, 0, 'person', false, true);
INSERT INTO public.detection_classes (id, app_config_id, model_class_index, name, trackable, include_in_counts) VALUES (14, 3, 1, 'bicycle', false, true);
INSERT INTO public.detection_classes (id, app_config_id, model_class_index, name, trackable, include_in_counts) VALUES (15, 3, 2, 'car', true, true);
INSERT INTO public.detection_classes (id, app_config_id, model_class_index, name, trackable, include_in_counts) VALUES (16, 3, 3, 'motorcycle', false, true);
INSERT INTO public.detection_classes (id, app_config_id, model_class_index, name, trackable, include_in_counts) VALUES (17, 3, 4, 'airplane', false, true);
INSERT INTO public.detection_classes (id, app_config_id, model_class_index, name, trackable, include_in_counts) VALUES (18, 3, 5, 'bus', true, true);
INSERT INTO public.detection_classes (id, app_config_id, model_class_index, name, trackable, include_in_counts) VALUES (19, 3, 6, 'train', false, true);
INSERT INTO public.detection_classes (id, app_config_id, model_class_index, name, trackable, include_in_counts) VALUES (20, 3, 7, 'truck', true, true);
INSERT INTO public.detection_classes (id, app_config_id, model_class_index, name, trackable, include_in_counts) VALUES (21, 3, 8, 'boat', false, true);
INSERT INTO public.detection_classes (id, app_config_id, model_class_index, name, trackable, include_in_counts) VALUES (22, 3, 9, 'traffic light', false, true);
INSERT INTO public.detection_classes (id, app_config_id, model_class_index, name, trackable, include_in_counts) VALUES (23, 3, 10, 'fire hydrant', false, true);
INSERT INTO public.detection_classes (id, app_config_id, model_class_index, name, trackable, include_in_counts) VALUES (24, 3, 11, 'stop sign', false, true);
INSERT INTO public.detection_classes (id, app_config_id, model_class_index, name, trackable, include_in_counts) VALUES (25, 3, 12, 'parking meter', false, true);
INSERT INTO public.detection_classes (id, app_config_id, model_class_index, name, trackable, include_in_counts) VALUES (26, 3, 13, 'bench', false, true);
INSERT INTO public.detection_classes (id, app_config_id, model_class_index, name, trackable, include_in_counts) VALUES (27, 3, 14, 'bird', false, true);
INSERT INTO public.detection_classes (id, app_config_id, model_class_index, name, trackable, include_in_counts) VALUES (28, 3, 15, 'cat', false, true);
INSERT INTO public.detection_classes (id, app_config_id, model_class_index, name, trackable, include_in_counts) VALUES (29, 3, 16, 'dog', false, true);
INSERT INTO public.detection_classes (id, app_config_id, model_class_index, name, trackable, include_in_counts) VALUES (30, 3, 17, 'horse', false, true);
INSERT INTO public.detection_classes (id, app_config_id, model_class_index, name, trackable, include_in_counts) VALUES (31, 3, 18, 'sheep', false, true);
INSERT INTO public.detection_classes (id, app_config_id, model_class_index, name, trackable, include_in_counts) VALUES (32, 3, 19, 'cow', false, true);
INSERT INTO public.detection_classes (id, app_config_id, model_class_index, name, trackable, include_in_counts) VALUES (33, 3, 20, 'elephant', false, true);
INSERT INTO public.detection_classes (id, app_config_id, model_class_index, name, trackable, include_in_counts) VALUES (34, 3, 21, 'bear', false, true);
INSERT INTO public.detection_classes (id, app_config_id, model_class_index, name, trackable, include_in_counts) VALUES (35, 3, 22, 'zebra', false, true);
INSERT INTO public.detection_classes (id, app_config_id, model_class_index, name, trackable, include_in_counts) VALUES (36, 3, 23, 'giraffe', false, true);
INSERT INTO public.detection_classes (id, app_config_id, model_class_index, name, trackable, include_in_counts) VALUES (37, 3, 24, 'backpack', false, true);
INSERT INTO public.detection_classes (id, app_config_id, model_class_index, name, trackable, include_in_counts) VALUES (38, 3, 25, 'umbrella', false, true);
INSERT INTO public.detection_classes (id, app_config_id, model_class_index, name, trackable, include_in_counts) VALUES (39, 3, 26, 'handbag', false, true);
INSERT INTO public.detection_classes (id, app_config_id, model_class_index, name, trackable, include_in_counts) VALUES (40, 3, 27, 'tie', false, true);
INSERT INTO public.detection_classes (id, app_config_id, model_class_index, name, trackable, include_in_counts) VALUES (41, 3, 28, 'suitcase', false, true);
INSERT INTO public.detection_classes (id, app_config_id, model_class_index, name, trackable, include_in_counts) VALUES (42, 3, 29, 'frisbee', false, true);
INSERT INTO public.detection_classes (id, app_config_id, model_class_index, name, trackable, include_in_counts) VALUES (43, 3, 30, 'skis', false, true);
INSERT INTO public.detection_classes (id, app_config_id, model_class_index, name, trackable, include_in_counts) VALUES (44, 3, 31, 'snowboard', false, true);
INSERT INTO public.detection_classes (id, app_config_id, model_class_index, name, trackable, include_in_counts) VALUES (45, 3, 32, 'sports ball', false, true);
INSERT INTO public.detection_classes (id, app_config_id, model_class_index, name, trackable, include_in_counts) VALUES (46, 3, 33, 'kite', false, true);
INSERT INTO public.detection_classes (id, app_config_id, model_class_index, name, trackable, include_in_counts) VALUES (47, 3, 34, 'baseball bat', false, true);
INSERT INTO public.detection_classes (id, app_config_id, model_class_index, name, trackable, include_in_counts) VALUES (48, 3, 35, 'baseball glove', false, true);
INSERT INTO public.detection_classes (id, app_config_id, model_class_index, name, trackable, include_in_counts) VALUES (49, 3, 36, 'skateboard', false, true);
INSERT INTO public.detection_classes (id, app_config_id, model_class_index, name, trackable, include_in_counts) VALUES (50, 3, 37, 'surfboard', false, true);
INSERT INTO public.detection_classes (id, app_config_id, model_class_index, name, trackable, include_in_counts) VALUES (51, 3, 38, 'tennis racket', false, true);
INSERT INTO public.detection_classes (id, app_config_id, model_class_index, name, trackable, include_in_counts) VALUES (52, 3, 39, 'bottle', false, true);
INSERT INTO public.detection_classes (id, app_config_id, model_class_index, name, trackable, include_in_counts) VALUES (53, 3, 40, 'wine glass', false, true);
INSERT INTO public.detection_classes (id, app_config_id, model_class_index, name, trackable, include_in_counts) VALUES (54, 3, 41, 'cup', false, true);
INSERT INTO public.detection_classes (id, app_config_id, model_class_index, name, trackable, include_in_counts) VALUES (55, 3, 42, 'fork', false, true);
INSERT INTO public.detection_classes (id, app_config_id, model_class_index, name, trackable, include_in_counts) VALUES (56, 3, 43, 'knife', false, true);
INSERT INTO public.detection_classes (id, app_config_id, model_class_index, name, trackable, include_in_counts) VALUES (57, 3, 44, 'spoon', false, true);
INSERT INTO public.detection_classes (id, app_config_id, model_class_index, name, trackable, include_in_counts) VALUES (58, 3, 45, 'bowl', false, true);
INSERT INTO public.detection_classes (id, app_config_id, model_class_index, name, trackable, include_in_counts) VALUES (59, 3, 46, 'banana', false, true);
INSERT INTO public.detection_classes (id, app_config_id, model_class_index, name, trackable, include_in_counts) VALUES (60, 3, 47, 'apple', false, true);
INSERT INTO public.detection_classes (id, app_config_id, model_class_index, name, trackable, include_in_counts) VALUES (61, 3, 48, 'sandwich', false, true);
INSERT INTO public.detection_classes (id, app_config_id, model_class_index, name, trackable, include_in_counts) VALUES (62, 3, 49, 'orange', false, true);
INSERT INTO public.detection_classes (id, app_config_id, model_class_index, name, trackable, include_in_counts) VALUES (63, 3, 50, 'broccoli', false, true);
INSERT INTO public.detection_classes (id, app_config_id, model_class_index, name, trackable, include_in_counts) VALUES (64, 3, 51, 'carrot', false, true);
INSERT INTO public.detection_classes (id, app_config_id, model_class_index, name, trackable, include_in_counts) VALUES (65, 3, 52, 'hot dog', false, true);
INSERT INTO public.detection_classes (id, app_config_id, model_class_index, name, trackable, include_in_counts) VALUES (66, 3, 53, 'pizza', false, true);
INSERT INTO public.detection_classes (id, app_config_id, model_class_index, name, trackable, include_in_counts) VALUES (67, 3, 54, 'donut', false, true);
INSERT INTO public.detection_classes (id, app_config_id, model_class_index, name, trackable, include_in_counts) VALUES (68, 3, 55, 'cake', false, true);
INSERT INTO public.detection_classes (id, app_config_id, model_class_index, name, trackable, include_in_counts) VALUES (69, 3, 56, 'chair', false, true);
INSERT INTO public.detection_classes (id, app_config_id, model_class_index, name, trackable, include_in_counts) VALUES (70, 3, 57, 'couch', false, true);
INSERT INTO public.detection_classes (id, app_config_id, model_class_index, name, trackable, include_in_counts) VALUES (71, 3, 58, 'potted plant', false, true);
INSERT INTO public.detection_classes (id, app_config_id, model_class_index, name, trackable, include_in_counts) VALUES (72, 3, 59, 'bed', false, true);
INSERT INTO public.detection_classes (id, app_config_id, model_class_index, name, trackable, include_in_counts) VALUES (73, 3, 60, 'dining table', false, true);
INSERT INTO public.detection_classes (id, app_config_id, model_class_index, name, trackable, include_in_counts) VALUES (74, 3, 61, 'toilet', false, true);
INSERT INTO public.detection_classes (id, app_config_id, model_class_index, name, trackable, include_in_counts) VALUES (75, 3, 62, 'tv', false, true);
INSERT INTO public.detection_classes (id, app_config_id, model_class_index, name, trackable, include_in_counts) VALUES (76, 3, 63, 'laptop', false, true);
INSERT INTO public.detection_classes (id, app_config_id, model_class_index, name, trackable, include_in_counts) VALUES (77, 3, 64, 'mouse', false, true);
INSERT INTO public.detection_classes (id, app_config_id, model_class_index, name, trackable, include_in_counts) VALUES (78, 3, 65, 'remote', false, true);
INSERT INTO public.detection_classes (id, app_config_id, model_class_index, name, trackable, include_in_counts) VALUES (79, 3, 66, 'keyboard', false, true);
INSERT INTO public.detection_classes (id, app_config_id, model_class_index, name, trackable, include_in_counts) VALUES (80, 3, 67, 'cell phone', false, true);
INSERT INTO public.detection_classes (id, app_config_id, model_class_index, name, trackable, include_in_counts) VALUES (81, 3, 68, 'microwave', false, true);
INSERT INTO public.detection_classes (id, app_config_id, model_class_index, name, trackable, include_in_counts) VALUES (82, 3, 69, 'oven', false, true);
INSERT INTO public.detection_classes (id, app_config_id, model_class_index, name, trackable, include_in_counts) VALUES (83, 3, 70, 'toaster', false, true);
INSERT INTO public.detection_classes (id, app_config_id, model_class_index, name, trackable, include_in_counts) VALUES (84, 3, 71, 'sink', false, true);
INSERT INTO public.detection_classes (id, app_config_id, model_class_index, name, trackable, include_in_counts) VALUES (85, 3, 72, 'refrigerator', false, true);
INSERT INTO public.detection_classes (id, app_config_id, model_class_index, name, trackable, include_in_counts) VALUES (86, 3, 73, 'book', false, true);
INSERT INTO public.detection_classes (id, app_config_id, model_class_index, name, trackable, include_in_counts) VALUES (87, 3, 74, 'clock', false, true);
INSERT INTO public.detection_classes (id, app_config_id, model_class_index, name, trackable, include_in_counts) VALUES (88, 3, 75, 'vase', false, true);
INSERT INTO public.detection_classes (id, app_config_id, model_class_index, name, trackable, include_in_counts) VALUES (89, 3, 76, 'scissors', false, true);
INSERT INTO public.detection_classes (id, app_config_id, model_class_index, name, trackable, include_in_counts) VALUES (90, 3, 77, 'teddy bear', false, true);
INSERT INTO public.detection_classes (id, app_config_id, model_class_index, name, trackable, include_in_counts) VALUES (91, 3, 78, 'hair drier', false, true);
INSERT INTO public.detection_classes (id, app_config_id, model_class_index, name, trackable, include_in_counts) VALUES (92, 3, 79, 'toothbrush', false, true);
INSERT INTO public.detection_classes (id, app_config_id, model_class_index, name, trackable, include_in_counts) VALUES (93, 4, 0, 'Hardhat', false, true);
INSERT INTO public.detection_classes (id, app_config_id, model_class_index, name, trackable, include_in_counts) VALUES (94, 4, 1, 'Mask', false, true);
INSERT INTO public.detection_classes (id, app_config_id, model_class_index, name, trackable, include_in_counts) VALUES (95, 4, 2, 'NO-Hardhat', false, true);
INSERT INTO public.detection_classes (id, app_config_id, model_class_index, name, trackable, include_in_counts) VALUES (96, 4, 3, 'NO-Mask', false, true);
INSERT INTO public.detection_classes (id, app_config_id, model_class_index, name, trackable, include_in_counts) VALUES (97, 4, 4, 'NO-Safety Vest', false, true);
INSERT INTO public.detection_classes (id, app_config_id, model_class_index, name, trackable, include_in_counts) VALUES (98, 4, 5, 'Person', true, true);
INSERT INTO public.detection_classes (id, app_config_id, model_class_index, name, trackable, include_in_counts) VALUES (99, 4, 6, 'Safety Cone', false, false);
INSERT INTO public.detection_classes (id, app_config_id, model_class_index, name, trackable, include_in_counts) VALUES (100, 4, 7, 'Safety Vest', false, false);
INSERT INTO public.detection_classes (id, app_config_id, model_class_index, name, trackable, include_in_counts) VALUES (101, 4, 8, 'machinery', false, false);
INSERT INTO public.detection_classes (id, app_config_id, model_class_index, name, trackable, include_in_counts) VALUES (102, 4, 9, 'vehicle', false, false);
--
-- Data for Name: detection_tracks
--

INSERT INTO public.detection_tracks (track_id, detection_classes_id, first_seen, last_seen) VALUES (12, 15, '2026-04-14T09:30:52.637484', '2026-04-14T09:31:01.259626');
INSERT INTO public.detection_tracks (track_id, detection_classes_id, first_seen, last_seen) VALUES (18, 15, '2026-04-14T09:30:56.844459', '2026-04-14T09:31:05.667379');
INSERT INTO public.detection_tracks (track_id, detection_classes_id, first_seen, last_seen) VALUES (24, 15, '2026-04-14T09:31:03.934659', '2026-04-14T09:31:05.667379');
INSERT INTO public.detection_tracks (track_id, detection_classes_id, first_seen, last_seen) VALUES (15, 8, '2026-04-14T09:30:26.930814', '2026-04-14T09:31:08.698337');
INSERT INTO public.detection_tracks (track_id, detection_classes_id, first_seen, last_seen) VALUES (6, 8, '2026-04-14T09:30:04.088161', '2026-04-14T09:30:34.614140');
INSERT INTO public.detection_tracks (track_id, detection_classes_id, first_seen, last_seen) VALUES (23, 15, '2026-04-14T09:30:58.093101', '2026-04-14T09:31:08.698337');
INSERT INTO public.detection_tracks (track_id, detection_classes_id, first_seen, last_seen) VALUES (14, 8, '2026-04-14T09:30:18.385183', '2026-04-14T09:30:34.614140');
INSERT INTO public.detection_tracks (track_id, detection_classes_id, first_seen, last_seen) VALUES (17, 8, '2026-04-14T09:30:31.276359', '2026-04-14T09:30:34.614140');
INSERT INTO public.detection_tracks (track_id, detection_classes_id, first_seen, last_seen) VALUES (21, 8, '2026-04-14T09:30:38.839072', '2026-04-14T09:30:46.985562');
INSERT INTO public.detection_tracks (track_id, detection_classes_id, first_seen, last_seen) VALUES (22, 8, '2026-04-14T09:30:46.334682', '2026-04-14T09:30:46.985562');
INSERT INTO public.detection_tracks (track_id, detection_classes_id, first_seen, last_seen) VALUES (7, 15, '2026-04-14T09:30:50.573163', '2026-04-14T09:30:53.994896');
INSERT INTO public.detection_tracks (track_id, detection_classes_id, first_seen, last_seen) VALUES (8, 8, '2026-04-14T09:30:08.635760', '2026-04-14T09:30:53.994896');
INSERT INTO public.detection_tracks (track_id, detection_classes_id, first_seen, last_seen) VALUES (33, 15, '2026-04-14T09:31:10.971753', '2026-04-14T09:31:12.960337');
INSERT INTO public.detection_tracks (track_id, detection_classes_id, first_seen, last_seen) VALUES (9, 15, '2026-04-14T09:30:50.812258', '2026-04-14T09:30:56.499943');
INSERT INTO public.detection_tracks (track_id, detection_classes_id, first_seen, last_seen) VALUES (10, 15, '2026-04-14T09:30:50.970080', '2026-04-14T09:30:56.499943');
INSERT INTO public.detection_tracks (track_id, detection_classes_id, first_seen, last_seen) VALUES (13, 8, '2026-04-14T09:30:17.779574', '2026-04-14T09:30:56.499943');
INSERT INTO public.detection_tracks (track_id, detection_classes_id, first_seen, last_seen) VALUES (29, 15, '2026-04-14T09:31:05.421208', '2026-04-14T09:31:16.231309');
INSERT INTO public.detection_tracks (track_id, detection_classes_id, first_seen, last_seen) VALUES (31, 15, '2026-04-14T09:31:05.907459', '2026-04-14T09:31:16.231309');
INSERT INTO public.detection_tracks (track_id, detection_classes_id, first_seen, last_seen) VALUES (32, 15, '2026-04-14T09:31:06.857835', '2026-04-14T09:31:16.231309');
INSERT INTO public.detection_tracks (track_id, detection_classes_id, first_seen, last_seen) VALUES (34, 15, '2026-04-14T09:31:12.139680', '2026-04-14T09:31:16.231309');
INSERT INTO public.detection_tracks (track_id, detection_classes_id, first_seen, last_seen) VALUES (35, 15, '2026-04-14T09:31:13.339410', '2026-04-14T09:31:16.231309');
INSERT INTO public.detection_tracks (track_id, detection_classes_id, first_seen, last_seen) VALUES (36, 15, '2026-04-14T09:31:15.110604', '2026-04-14T09:31:16.231309');
INSERT INTO public.detection_tracks (track_id, detection_classes_id, first_seen, last_seen) VALUES (1, 8, '2026-04-14T09:30:01.895411', '2026-04-14T09:31:21.925335');
INSERT INTO public.detection_tracks (track_id, detection_classes_id, first_seen, last_seen) VALUES (2, 8, '2026-04-14T09:30:01.895411', '2026-04-14T09:31:21.925335');
INSERT INTO public.detection_tracks (track_id, detection_classes_id, first_seen, last_seen) VALUES (3, 8, '2026-04-14T09:30:01.895411', '2026-04-14T09:31:21.925335');
INSERT INTO public.detection_tracks (track_id, detection_classes_id, first_seen, last_seen) VALUES (4, 15, '2026-04-14T09:30:50.573163', '2026-04-14T09:31:31.294544');
INSERT INTO public.detection_tracks (track_id, detection_classes_id, first_seen, last_seen) VALUES (5, 8, '2026-04-14T09:30:03.732892', '2026-04-14T09:31:32.440777');
--
-- Data for Name: detection_observations
--

INSERT INTO public.detection_observations (id, track_id, "timestamp", attributes) VALUES (1, 1, '2026-04-14T09:30:01.895411', '{"mask": false, "hardhat": true}');
INSERT INTO public.detection_observations (id, track_id, "timestamp", attributes) VALUES (2, 2, '2026-04-14T09:30:01.895411', '{"mask": false, "vest": false, "hardhat": false}');
INSERT INTO public.detection_observations (id, track_id, "timestamp", attributes) VALUES (3, 3, '2026-04-14T09:30:01.895411', '{"mask": true, "hardhat": false}');
INSERT INTO public.detection_observations (id, track_id, "timestamp", attributes) VALUES (4, 3, '2026-04-14T09:30:02.247201', '{"mask": true, "vest": false, "hardhat": false}');
INSERT INTO public.detection_observations (id, track_id, "timestamp", attributes) VALUES (5, 1, '2026-04-14T09:30:02.562865', '{"mask": false, "vest": false, "hardhat": true}');
INSERT INTO public.detection_observations (id, track_id, "timestamp", attributes) VALUES (6, 1, '2026-04-14T09:30:03.078268', '{"mask": false, "hardhat": true}');
INSERT INTO public.detection_observations (id, track_id, "timestamp", attributes) VALUES (7, 2, '2026-04-14T09:30:03.078268', '{"mask": false, "vest": false, "hardhat": true}');
INSERT INTO public.detection_observations (id, track_id, "timestamp", attributes) VALUES (8, 2, '2026-04-14T09:30:03.407945', '{"mask": false, "hardhat": true}');
INSERT INTO public.detection_observations (id, track_id, "timestamp", attributes) VALUES (9, 3, '2026-04-14T09:30:03.407945', '{"mask": true, "hardhat": false}');
INSERT INTO public.detection_observations (id, track_id, "timestamp", attributes) VALUES (10, 2, '2026-04-14T09:30:03.732892', '{"hardhat": true}');
INSERT INTO public.detection_observations (id, track_id, "timestamp", attributes) VALUES (11, 5, '2026-04-14T09:30:03.732892', '{"hardhat": true}');
INSERT INTO public.detection_observations (id, track_id, "timestamp", attributes) VALUES (12, 2, '2026-04-14T09:30:04.088161', '{"mask": false, "vest": false, "hardhat": true}');
INSERT INTO public.detection_observations (id, track_id, "timestamp", attributes) VALUES (13, 5, '2026-04-14T09:30:04.088161', '{"mask": false, "vest": false, "hardhat": true}');
INSERT INTO public.detection_observations (id, track_id, "timestamp", attributes) VALUES (14, 6, '2026-04-14T09:30:04.088161', '{"vest": false, "hardhat": false}');
INSERT INTO public.detection_observations (id, track_id, "timestamp", attributes) VALUES (15, 2, '2026-04-14T09:30:04.392198', '{"mask": false, "vest": false, "hardhat": false}');
INSERT INTO public.detection_observations (id, track_id, "timestamp", attributes) VALUES (16, 3, '2026-04-14T09:30:04.679417', '{"mask": true, "vest": false, "hardhat": false}');
INSERT INTO public.detection_observations (id, track_id, "timestamp", attributes) VALUES (17, 5, '2026-04-14T09:30:04.679417', '{"vest": false, "hardhat": true}');
INSERT INTO public.detection_observations (id, track_id, "timestamp", attributes) VALUES (18, 5, '2026-04-14T09:30:04.960371', '{"hardhat": true}');
INSERT INTO public.detection_observations (id, track_id, "timestamp", attributes) VALUES (19, 6, '2026-04-14T09:30:04.960371', '{"mask": false, "vest": false, "hardhat": false}');
INSERT INTO public.detection_observations (id, track_id, "timestamp", attributes) VALUES (20, 3, '2026-04-14T09:30:05.244677', '{"mask": true, "hardhat": false}');
INSERT INTO public.detection_observations (id, track_id, "timestamp", attributes) VALUES (21, 6, '2026-04-14T09:30:05.244677', '{"mask": true, "vest": false, "hardhat": false}');
INSERT INTO public.detection_observations (id, track_id, "timestamp", attributes) VALUES (22, 3, '2026-04-14T09:30:05.540740', '{"mask": true, "vest": false, "hardhat": false}');
INSERT INTO public.detection_observations (id, track_id, "timestamp", attributes) VALUES (23, 5, '2026-04-14T09:30:05.540740', '{"vest": false, "hardhat": true}');
INSERT INTO public.detection_observations (id, track_id, "timestamp", attributes) VALUES (24, 5, '2026-04-14T09:30:06.085551', '{"mask": false, "vest": false, "hardhat": true}');
INSERT INTO public.detection_observations (id, track_id, "timestamp", attributes) VALUES (25, 3, '2026-04-14T09:30:06.381515', '{"mask": true, "hardhat": false}');
INSERT INTO public.detection_observations (id, track_id, "timestamp", attributes) VALUES (26, 5, '2026-04-14T09:30:06.381515', '{"mask": false, "hardhat": true}');
INSERT INTO public.detection_observations (id, track_id, "timestamp", attributes) VALUES (27, 3, '2026-04-14T09:30:06.678175', '{"mask": true, "vest": false, "hardhat": false}');
INSERT INTO public.detection_observations (id, track_id, "timestamp", attributes) VALUES (28, 5, '2026-04-14T09:30:06.678175', '{"hardhat": false}');
INSERT INTO public.detection_observations (id, track_id, "timestamp", attributes) VALUES (29, 5, '2026-04-14T09:30:06.960496', '{"mask": false, "hardhat": true}');
INSERT INTO public.detection_observations (id, track_id, "timestamp", attributes) VALUES (30, 3, '2026-04-14T09:30:07.510049', '{"mask": true, "hardhat": false}');
INSERT INTO public.detection_observations (id, track_id, "timestamp", attributes) VALUES (31, 3, '2026-04-14T09:30:07.790893', '{"mask": true, "vest": false, "hardhat": false}');
INSERT INTO public.detection_observations (id, track_id, "timestamp", attributes) VALUES (32, 8, '2026-04-14T09:30:08.635760', '{"mask": false, "vest": false, "hardhat": false}');
INSERT INTO public.detection_observations (id, track_id, "timestamp", attributes) VALUES (33, 3, '2026-04-14T09:30:08.951940', '{"mask": true, "hardhat": false}');
INSERT INTO public.detection_observations (id, track_id, "timestamp", attributes) VALUES (34, 3, '2026-04-14T09:30:09.986468', '{"mask": true, "vest": false, "hardhat": false}');
INSERT INTO public.detection_observations (id, track_id, "timestamp", attributes) VALUES (35, 3, '2026-04-14T09:30:10.727649', '{"mask": true, "hardhat": false}');
INSERT INTO public.detection_observations (id, track_id, "timestamp", attributes) VALUES (36, 3, '2026-04-14T09:30:11.564089', '{"mask": true, "vest": false, "hardhat": false}');
INSERT INTO public.detection_observations (id, track_id, "timestamp", attributes) VALUES (37, 1, '2026-04-14T09:30:12.405519', '{"hardhat": true}');
INSERT INTO public.detection_observations (id, track_id, "timestamp", attributes) VALUES (38, 2, '2026-04-14T09:30:12.701932', '{"mask": false, "vest": false, "hardhat": true}');
INSERT INTO public.detection_observations (id, track_id, "timestamp", attributes) VALUES (39, 1, '2026-04-14T09:30:12.987479', '{"mask": false, "vest": false, "hardhat": true}');
INSERT INTO public.detection_observations (id, track_id, "timestamp", attributes) VALUES (40, 6, '2026-04-14T09:30:12.987479', '{"mask": true, "hardhat": false}');
INSERT INTO public.detection_observations (id, track_id, "timestamp", attributes) VALUES (41, 1, '2026-04-14T09:30:13.267969', '{"vest": false, "hardhat": false}');
INSERT INTO public.detection_observations (id, track_id, "timestamp", attributes) VALUES (42, 6, '2026-04-14T09:30:13.267969', '{"mask": true, "vest": false, "hardhat": false}');
INSERT INTO public.detection_observations (id, track_id, "timestamp", attributes) VALUES (43, 2, '2026-04-14T09:30:13.553884', '{"mask": false, "vest": false, "hardhat": false}');
INSERT INTO public.detection_observations (id, track_id, "timestamp", attributes) VALUES (44, 1, '2026-04-14T09:30:13.817533', '{"vest": false}');
INSERT INTO public.detection_observations (id, track_id, "timestamp", attributes) VALUES (45, 2, '2026-04-14T09:30:13.817533', '{"mask": false, "vest": false, "hardhat": true}');
INSERT INTO public.detection_observations (id, track_id, "timestamp", attributes) VALUES (46, 5, '2026-04-14T09:30:13.817533', '{"mask": false, "vest": false, "hardhat": true}');
INSERT INTO public.detection_observations (id, track_id, "timestamp", attributes) VALUES (47, 1, '2026-04-14T09:30:14.114348', '{"mask": false, "hardhat": true}');
INSERT INTO public.detection_observations (id, track_id, "timestamp", attributes) VALUES (48, 2, '2026-04-14T09:30:14.397794', '{"mask": false, "vest": false, "hardhat": false}');
INSERT INTO public.detection_observations (id, track_id, "timestamp", attributes) VALUES (49, 3, '2026-04-14T09:30:14.397794', '{"mask": true, "vest": false, "hardhat": true}');
INSERT INTO public.detection_observations (id, track_id, "timestamp", attributes) VALUES (50, 5, '2026-04-14T09:30:14.397794', '{"mask": false, "vest": false, "hardhat": false}');
INSERT INTO public.detection_observations (id, track_id, "timestamp", attributes) VALUES (51, 3, '2026-04-14T09:30:14.700021', '{"vest": false, "hardhat": true}');
INSERT INTO public.detection_observations (id, track_id, "timestamp", attributes) VALUES (52, 3, '2026-04-14T09:30:14.990235', '{"mask": false, "vest": false, "hardhat": true}');
INSERT INTO public.detection_observations (id, track_id, "timestamp", attributes) VALUES (53, 5, '2026-04-14T09:30:14.990235', '{"vest": false, "hardhat": false}');
INSERT INTO public.detection_observations (id, track_id, "timestamp", attributes) VALUES (54, 2, '2026-04-14T09:30:15.263383', '{"vest": false, "hardhat": false}');
INSERT INTO public.detection_observations (id, track_id, "timestamp", attributes) VALUES (55, 5, '2026-04-14T09:30:15.263383', '{}');
INSERT INTO public.detection_observations (id, track_id, "timestamp", attributes) VALUES (56, 6, '2026-04-14T09:30:15.263383', '{"mask": true, "vest": false, "hardhat": true}');
INSERT INTO public.detection_observations (id, track_id, "timestamp", attributes) VALUES (57, 2, '2026-04-14T09:30:15.548626', '{"mask": false, "vest": false, "hardhat": false}');
INSERT INTO public.detection_observations (id, track_id, "timestamp", attributes) VALUES (58, 3, '2026-04-14T09:30:15.548626', '{"mask": false, "vest": false, "hardhat": false}');
INSERT INTO public.detection_observations (id, track_id, "timestamp", attributes) VALUES (59, 6, '2026-04-14T09:30:15.548626', '{"mask": true, "vest": false, "hardhat": false}');
INSERT INTO public.detection_observations (id, track_id, "timestamp", attributes) VALUES (60, 5, '2026-04-14T09:30:15.823379', '{"vest": false, "hardhat": false}');
INSERT INTO public.detection_observations (id, track_id, "timestamp", attributes) VALUES (61, 3, '2026-04-14T09:30:16.223240', '{"vest": false, "hardhat": false}');
INSERT INTO public.detection_observations (id, track_id, "timestamp", attributes) VALUES (62, 6, '2026-04-14T09:30:16.223240', '{"mask": true, "vest": false, "hardhat": true}');
INSERT INTO public.detection_observations (id, track_id, "timestamp", attributes) VALUES (63, 3, '2026-04-14T09:30:16.532437', '{"hardhat": false}');
INSERT INTO public.detection_observations (id, track_id, "timestamp", attributes) VALUES (64, 5, '2026-04-14T09:30:16.532437', '{"hardhat": false}');
INSERT INTO public.detection_observations (id, track_id, "timestamp", attributes) VALUES (65, 6, '2026-04-14T09:30:16.532437', '{"mask": true, "vest": false, "hardhat": false}');
INSERT INTO public.detection_observations (id, track_id, "timestamp", attributes) VALUES (66, 8, '2026-04-14T09:30:16.532437', '{"mask": false, "vest": false, "hardhat": true}');
INSERT INTO public.detection_observations (id, track_id, "timestamp", attributes) VALUES (67, 2, '2026-04-14T09:30:16.870074', '{"mask": true, "vest": false}');
INSERT INTO public.detection_observations (id, track_id, "timestamp", attributes) VALUES (68, 2, '2026-04-14T09:30:17.149325', '{"mask": true, "vest": false, "hardhat": false}');
INSERT INTO public.detection_observations (id, track_id, "timestamp", attributes) VALUES (69, 3, '2026-04-14T09:30:17.149325', '{"mask": true, "vest": false, "hardhat": false}');
INSERT INTO public.detection_observations (id, track_id, "timestamp", attributes) VALUES (70, 5, '2026-04-14T09:30:17.149325', '{"mask": true, "vest": false, "hardhat": false}');
INSERT INTO public.detection_observations (id, track_id, "timestamp", attributes) VALUES (71, 2, '2026-04-14T09:30:17.456413', '{"mask": false, "vest": false, "hardhat": false}');
INSERT INTO public.detection_observations (id, track_id, "timestamp", attributes) VALUES (72, 3, '2026-04-14T09:30:17.456413', '{"mask": true, "hardhat": false}');
INSERT INTO public.detection_observations (id, track_id, "timestamp", attributes) VALUES (73, 5, '2026-04-14T09:30:17.456413', '{"mask": true, "hardhat": false}');
INSERT INTO public.detection_observations (id, track_id, "timestamp", attributes) VALUES (74, 6, '2026-04-14T09:30:17.456413', '{"mask": false, "vest": false, "hardhat": false}');
INSERT INTO public.detection_observations (id, track_id, "timestamp", attributes) VALUES (75, 8, '2026-04-14T09:30:17.456413', '{"mask": false, "vest": false, "hardhat": false}');
INSERT INTO public.detection_observations (id, track_id, "timestamp", attributes) VALUES (76, 3, '2026-04-14T09:30:17.779574', '{"mask": true, "vest": false, "hardhat": true}');
INSERT INTO public.detection_observations (id, track_id, "timestamp", attributes) VALUES (77, 5, '2026-04-14T09:30:17.779574', '{"mask": true, "vest": false, "hardhat": true}');
INSERT INTO public.detection_observations (id, track_id, "timestamp", attributes) VALUES (78, 13, '2026-04-14T09:30:17.779574', '{"mask": false, "hardhat": true}');
INSERT INTO public.detection_observations (id, track_id, "timestamp", attributes) VALUES (79, 3, '2026-04-14T09:30:18.075907', '{"mask": false, "hardhat": true}');
INSERT INTO public.detection_observations (id, track_id, "timestamp", attributes) VALUES (80, 5, '2026-04-14T09:30:18.075907', '{"mask": false, "hardhat": true}');
INSERT INTO public.detection_observations (id, track_id, "timestamp", attributes) VALUES (81, 3, '2026-04-14T09:30:18.385183', '{"mask": true, "hardhat": true}');
INSERT INTO public.detection_observations (id, track_id, "timestamp", attributes) VALUES (82, 14, '2026-04-14T09:30:18.385183', '{"mask": true, "vest": false, "hardhat": false}');
INSERT INTO public.detection_observations (id, track_id, "timestamp", attributes) VALUES (83, 3, '2026-04-14T09:30:18.679760', '{"mask": true, "hardhat": false}');
INSERT INTO public.detection_observations (id, track_id, "timestamp", attributes) VALUES (84, 5, '2026-04-14T09:30:18.679760', '{"mask": true, "hardhat": true}');
INSERT INTO public.detection_observations (id, track_id, "timestamp", attributes) VALUES (85, 14, '2026-04-14T09:30:18.679760', '{"mask": false, "hardhat": true}');
INSERT INTO public.detection_observations (id, track_id, "timestamp", attributes) VALUES (86, 1, '2026-04-14T09:30:19.055789', '{"mask": false, "vest": false, "hardhat": true}');
INSERT INTO public.detection_observations (id, track_id, "timestamp", attributes) VALUES (87, 5, '2026-04-14T09:30:19.055789', '{"mask": false, "vest": false, "hardhat": true}');
INSERT INTO public.detection_observations (id, track_id, "timestamp", attributes) VALUES (88, 14, '2026-04-14T09:30:19.055789', '{"mask": false, "vest": false, "hardhat": true}');
INSERT INTO public.detection_observations (id, track_id, "timestamp", attributes) VALUES (89, 14, '2026-04-14T09:30:19.356761', '{"mask": true, "vest": false, "hardhat": false}');
INSERT INTO public.detection_observations (id, track_id, "timestamp", attributes) VALUES (90, 1, '2026-04-14T09:30:19.644373', '{"mask": false, "hardhat": true}');
INSERT INTO public.detection_observations (id, track_id, "timestamp", attributes) VALUES (91, 5, '2026-04-14T09:30:19.644373', '{"mask": false, "hardhat": true}');
INSERT INTO public.detection_observations (id, track_id, "timestamp", attributes) VALUES (92, 1, '2026-04-14T09:30:19.938102', '{"mask": false, "vest": false, "hardhat": true}');
INSERT INTO public.detection_observations (id, track_id, "timestamp", attributes) VALUES (93, 3, '2026-04-14T09:30:20.234870', '{"mask": true, "vest": false, "hardhat": false}');
INSERT INTO public.detection_observations (id, track_id, "timestamp", attributes) VALUES (94, 5, '2026-04-14T09:30:20.234870', '{"mask": false, "vest": false, "hardhat": true}');
INSERT INTO public.detection_observations (id, track_id, "timestamp", attributes) VALUES (95, 6, '2026-04-14T09:30:20.234870', '{"mask": false, "vest": false, "hardhat": true}');
INSERT INTO public.detection_observations (id, track_id, "timestamp", attributes) VALUES (96, 13, '2026-04-14T09:30:21.120980', '{"hardhat": true}');
INSERT INTO public.detection_observations (id, track_id, "timestamp", attributes) VALUES (97, 2, '2026-04-14T09:30:21.411871', '{"vest": false, "hardhat": false}');
INSERT INTO public.detection_observations (id, track_id, "timestamp", attributes) VALUES (208, 2, '2026-04-14T09:30:50.573163', '{}');
INSERT INTO public.detection_observations (id, track_id, "timestamp", attributes) VALUES (98, 1, '2026-04-14T09:30:21.718622', '{"mask": false, "vest": false, "hardhat": false}');
INSERT INTO public.detection_observations (id, track_id, "timestamp", attributes) VALUES (99, 2, '2026-04-14T09:30:21.718622', '{"vest": false}');
INSERT INTO public.detection_observations (id, track_id, "timestamp", attributes) VALUES (100, 6, '2026-04-14T09:30:21.718622', '{"mask": false, "vest": false, "hardhat": false}');
INSERT INTO public.detection_observations (id, track_id, "timestamp", attributes) VALUES (101, 13, '2026-04-14T09:30:21.718622', '{"mask": false, "hardhat": true}');
INSERT INTO public.detection_observations (id, track_id, "timestamp", attributes) VALUES (102, 5, '2026-04-14T09:30:22.094615', '{"mask": false, "hardhat": true}');
INSERT INTO public.detection_observations (id, track_id, "timestamp", attributes) VALUES (103, 13, '2026-04-14T09:30:22.094615', '{"hardhat": true}');
INSERT INTO public.detection_observations (id, track_id, "timestamp", attributes) VALUES (104, 2, '2026-04-14T09:30:22.394690', '{"mask": false}');
INSERT INTO public.detection_observations (id, track_id, "timestamp", attributes) VALUES (105, 13, '2026-04-14T09:30:22.394690', '{"mask": false, "hardhat": true}');
INSERT INTO public.detection_observations (id, track_id, "timestamp", attributes) VALUES (106, 14, '2026-04-14T09:30:22.707703', '{"mask": true, "hardhat": false}');
INSERT INTO public.detection_observations (id, track_id, "timestamp", attributes) VALUES (107, 2, '2026-04-14T09:30:23.257057', '{}');
INSERT INTO public.detection_observations (id, track_id, "timestamp", attributes) VALUES (108, 13, '2026-04-14T09:30:23.257057', '{"hardhat": true}');
INSERT INTO public.detection_observations (id, track_id, "timestamp", attributes) VALUES (109, 3, '2026-04-14T09:30:23.579601', '{"mask": true, "hardhat": false}');
INSERT INTO public.detection_observations (id, track_id, "timestamp", attributes) VALUES (110, 14, '2026-04-14T09:30:23.579601', '{"mask": true, "vest": false, "hardhat": false}');
INSERT INTO public.detection_observations (id, track_id, "timestamp", attributes) VALUES (111, 14, '2026-04-14T09:30:23.909441', '{"mask": false, "hardhat": false}');
INSERT INTO public.detection_observations (id, track_id, "timestamp", attributes) VALUES (112, 3, '2026-04-14T09:30:24.186771', '{"mask": true, "vest": false, "hardhat": false}');
INSERT INTO public.detection_observations (id, track_id, "timestamp", attributes) VALUES (113, 14, '2026-04-14T09:30:24.186771', '{"mask": true, "vest": false, "hardhat": false}');
INSERT INTO public.detection_observations (id, track_id, "timestamp", attributes) VALUES (114, 2, '2026-04-14T09:30:24.775883', '{"mask": false}');
INSERT INTO public.detection_observations (id, track_id, "timestamp", attributes) VALUES (115, 5, '2026-04-14T09:30:24.775883', '{"hardhat": true}');
INSERT INTO public.detection_observations (id, track_id, "timestamp", attributes) VALUES (116, 13, '2026-04-14T09:30:24.775883', '{"mask": false, "hardhat": true}');
INSERT INTO public.detection_observations (id, track_id, "timestamp", attributes) VALUES (117, 14, '2026-04-14T09:30:24.775883', '{"mask": true, "hardhat": false}');
INSERT INTO public.detection_observations (id, track_id, "timestamp", attributes) VALUES (118, 2, '2026-04-14T09:30:25.106869', '{}');
INSERT INTO public.detection_observations (id, track_id, "timestamp", attributes) VALUES (119, 5, '2026-04-14T09:30:25.106869', '{"mask": false, "hardhat": true}');
INSERT INTO public.detection_observations (id, track_id, "timestamp", attributes) VALUES (120, 6, '2026-04-14T09:30:25.106869', '{"mask": false, "vest": false, "hardhat": true}');
INSERT INTO public.detection_observations (id, track_id, "timestamp", attributes) VALUES (121, 13, '2026-04-14T09:30:25.106869', '{"hardhat": true}');
INSERT INTO public.detection_observations (id, track_id, "timestamp", attributes) VALUES (122, 14, '2026-04-14T09:30:25.106869', '{"mask": true, "vest": false, "hardhat": false}');
INSERT INTO public.detection_observations (id, track_id, "timestamp", attributes) VALUES (123, 1, '2026-04-14T09:30:25.429444', '{"vest": false}');
INSERT INTO public.detection_observations (id, track_id, "timestamp", attributes) VALUES (124, 3, '2026-04-14T09:30:25.429444', '{"mask": true, "hardhat": false}');
INSERT INTO public.detection_observations (id, track_id, "timestamp", attributes) VALUES (125, 5, '2026-04-14T09:30:25.429444', '{"vest": false, "hardhat": false}');
INSERT INTO public.detection_observations (id, track_id, "timestamp", attributes) VALUES (126, 6, '2026-04-14T09:30:25.429444', '{"mask": false, "vest": false, "hardhat": false}');
INSERT INTO public.detection_observations (id, track_id, "timestamp", attributes) VALUES (127, 13, '2026-04-14T09:30:25.429444', '{"mask": false, "hardhat": true}');
INSERT INTO public.detection_observations (id, track_id, "timestamp", attributes) VALUES (128, 14, '2026-04-14T09:30:25.429444', '{"vest": false, "hardhat": false}');
INSERT INTO public.detection_observations (id, track_id, "timestamp", attributes) VALUES (129, 1, '2026-04-14T09:30:25.746265', '{"mask": true, "vest": false, "hardhat": true}');
INSERT INTO public.detection_observations (id, track_id, "timestamp", attributes) VALUES (130, 3, '2026-04-14T09:30:25.746265', '{}');
INSERT INTO public.detection_observations (id, track_id, "timestamp", attributes) VALUES (131, 5, '2026-04-14T09:30:25.746265', '{"mask": false, "vest": false, "hardhat": false}');
INSERT INTO public.detection_observations (id, track_id, "timestamp", attributes) VALUES (132, 6, '2026-04-14T09:30:25.746265', '{"mask": false, "vest": false, "hardhat": true}');
INSERT INTO public.detection_observations (id, track_id, "timestamp", attributes) VALUES (133, 8, '2026-04-14T09:30:25.746265', '{"mask": false, "vest": false, "hardhat": true}');
INSERT INTO public.detection_observations (id, track_id, "timestamp", attributes) VALUES (134, 14, '2026-04-14T09:30:25.746265', '{}');
INSERT INTO public.detection_observations (id, track_id, "timestamp", attributes) VALUES (135, 1, '2026-04-14T09:30:26.050526', '{"mask": false, "vest": false, "hardhat": true}');
INSERT INTO public.detection_observations (id, track_id, "timestamp", attributes) VALUES (136, 6, '2026-04-14T09:30:26.050526', '{"mask": false, "vest": false, "hardhat": false}');
INSERT INTO public.detection_observations (id, track_id, "timestamp", attributes) VALUES (137, 1, '2026-04-14T09:30:26.334099', '{"vest": false, "hardhat": false}');
INSERT INTO public.detection_observations (id, track_id, "timestamp", attributes) VALUES (138, 8, '2026-04-14T09:30:26.334099', '{"mask": false, "vest": false, "hardhat": false}');
INSERT INTO public.detection_observations (id, track_id, "timestamp", attributes) VALUES (139, 1, '2026-04-14T09:30:26.631911', '{}');
INSERT INTO public.detection_observations (id, track_id, "timestamp", attributes) VALUES (140, 3, '2026-04-14T09:30:26.631911', '{"mask": true, "vest": false, "hardhat": false}');
INSERT INTO public.detection_observations (id, track_id, "timestamp", attributes) VALUES (141, 14, '2026-04-14T09:30:26.631911', '{"vest": false, "hardhat": false}');
INSERT INTO public.detection_observations (id, track_id, "timestamp", attributes) VALUES (142, 3, '2026-04-14T09:30:26.930814', '{"vest": false, "hardhat": false}');
INSERT INTO public.detection_observations (id, track_id, "timestamp", attributes) VALUES (143, 13, '2026-04-14T09:30:26.930814', '{"mask": false, "vest": false, "hardhat": true}');
INSERT INTO public.detection_observations (id, track_id, "timestamp", attributes) VALUES (144, 14, '2026-04-14T09:30:26.930814', '{"vest": false}');
INSERT INTO public.detection_observations (id, track_id, "timestamp", attributes) VALUES (145, 15, '2026-04-14T09:30:26.930814', '{"mask": false, "vest": false, "hardhat": true}');
INSERT INTO public.detection_observations (id, track_id, "timestamp", attributes) VALUES (146, 3, '2026-04-14T09:30:27.253092', '{"mask": false, "vest": false, "hardhat": false}');
INSERT INTO public.detection_observations (id, track_id, "timestamp", attributes) VALUES (147, 5, '2026-04-14T09:30:27.253092', '{"vest": false}');
INSERT INTO public.detection_observations (id, track_id, "timestamp", attributes) VALUES (148, 14, '2026-04-14T09:30:27.253092', '{}');
INSERT INTO public.detection_observations (id, track_id, "timestamp", attributes) VALUES (149, 5, '2026-04-14T09:30:27.528408', '{}');
INSERT INTO public.detection_observations (id, track_id, "timestamp", attributes) VALUES (150, 13, '2026-04-14T09:30:27.528408', '{"mask": false, "hardhat": true}');
INSERT INTO public.detection_observations (id, track_id, "timestamp", attributes) VALUES (151, 14, '2026-04-14T09:30:27.528408', '{"hardhat": false}');
INSERT INTO public.detection_observations (id, track_id, "timestamp", attributes) VALUES (152, 15, '2026-04-14T09:30:27.528408', '{}');
INSERT INTO public.detection_observations (id, track_id, "timestamp", attributes) VALUES (153, 3, '2026-04-14T09:30:27.801613', '{"mask": true, "vest": false, "hardhat": false}');
INSERT INTO public.detection_observations (id, track_id, "timestamp", attributes) VALUES (154, 14, '2026-04-14T09:30:27.801613', '{"mask": false, "vest": false, "hardhat": false}');
INSERT INTO public.detection_observations (id, track_id, "timestamp", attributes) VALUES (155, 15, '2026-04-14T09:30:27.801613', '{"mask": false}');
INSERT INTO public.detection_observations (id, track_id, "timestamp", attributes) VALUES (156, 5, '2026-04-14T09:30:28.149004', '{"mask": true, "vest": false}');
INSERT INTO public.detection_observations (id, track_id, "timestamp", attributes) VALUES (157, 13, '2026-04-14T09:30:28.149004', '{"mask": false, "vest": false, "hardhat": true}');
INSERT INTO public.detection_observations (id, track_id, "timestamp", attributes) VALUES (158, 14, '2026-04-14T09:30:28.149004', '{}');
INSERT INTO public.detection_observations (id, track_id, "timestamp", attributes) VALUES (159, 15, '2026-04-14T09:30:28.149004', '{"mask": false, "vest": false}');
INSERT INTO public.detection_observations (id, track_id, "timestamp", attributes) VALUES (160, 5, '2026-04-14T09:30:28.405678', '{"mask": true, "vest": false, "hardhat": false}');
INSERT INTO public.detection_observations (id, track_id, "timestamp", attributes) VALUES (161, 6, '2026-04-14T09:30:28.405678', '{"mask": false, "hardhat": false}');
INSERT INTO public.detection_observations (id, track_id, "timestamp", attributes) VALUES (162, 8, '2026-04-14T09:30:28.405678', '{"mask": false, "hardhat": false}');
INSERT INTO public.detection_observations (id, track_id, "timestamp", attributes) VALUES (163, 13, '2026-04-14T09:30:28.405678', '{"vest": false}');
INSERT INTO public.detection_observations (id, track_id, "timestamp", attributes) VALUES (164, 14, '2026-04-14T09:30:28.405678', '{"mask": false, "hardhat": false}');
INSERT INTO public.detection_observations (id, track_id, "timestamp", attributes) VALUES (165, 15, '2026-04-14T09:30:28.405678', '{"vest": false}');
INSERT INTO public.detection_observations (id, track_id, "timestamp", attributes) VALUES (166, 5, '2026-04-14T09:30:28.692587', '{"mask": true, "vest": false}');
INSERT INTO public.detection_observations (id, track_id, "timestamp", attributes) VALUES (167, 6, '2026-04-14T09:30:28.692587', '{"vest": false, "hardhat": false}');
INSERT INTO public.detection_observations (id, track_id, "timestamp", attributes) VALUES (168, 8, '2026-04-14T09:30:28.692587', '{"vest": false, "hardhat": false}');
INSERT INTO public.detection_observations (id, track_id, "timestamp", attributes) VALUES (169, 13, '2026-04-14T09:30:28.692587', '{}');
INSERT INTO public.detection_observations (id, track_id, "timestamp", attributes) VALUES (170, 14, '2026-04-14T09:30:28.692587', '{"vest": false, "hardhat": false}');
INSERT INTO public.detection_observations (id, track_id, "timestamp", attributes) VALUES (171, 15, '2026-04-14T09:30:28.692587', '{}');
INSERT INTO public.detection_observations (id, track_id, "timestamp", attributes) VALUES (172, 5, '2026-04-14T09:30:28.967463', '{"vest": false}');
INSERT INTO public.detection_observations (id, track_id, "timestamp", attributes) VALUES (173, 6, '2026-04-14T09:30:28.967463', '{}');
INSERT INTO public.detection_observations (id, track_id, "timestamp", attributes) VALUES (174, 8, '2026-04-14T09:30:28.967463', '{}');
INSERT INTO public.detection_observations (id, track_id, "timestamp", attributes) VALUES (175, 14, '2026-04-14T09:30:28.967463', '{}');
INSERT INTO public.detection_observations (id, track_id, "timestamp", attributes) VALUES (176, 1, '2026-04-14T09:30:29.217283', '{"vest": false, "hardhat": false}');
INSERT INTO public.detection_observations (id, track_id, "timestamp", attributes) VALUES (177, 3, '2026-04-14T09:30:29.217283', '{"vest": false, "hardhat": false}');
INSERT INTO public.detection_observations (id, track_id, "timestamp", attributes) VALUES (178, 5, '2026-04-14T09:30:29.217283', '{}');
INSERT INTO public.detection_observations (id, track_id, "timestamp", attributes) VALUES (179, 1, '2026-04-14T09:30:29.461462', '{"mask": true, "vest": false, "hardhat": false}');
INSERT INTO public.detection_observations (id, track_id, "timestamp", attributes) VALUES (180, 3, '2026-04-14T09:30:29.461462', '{"mask": true, "vest": false, "hardhat": false}');
INSERT INTO public.detection_observations (id, track_id, "timestamp", attributes) VALUES (181, 1, '2026-04-14T09:30:29.688521', '{"vest": false}');
INSERT INTO public.detection_observations (id, track_id, "timestamp", attributes) VALUES (182, 13, '2026-04-14T09:30:29.688521', '{"mask": true, "vest": false, "hardhat": false}');
INSERT INTO public.detection_observations (id, track_id, "timestamp", attributes) VALUES (183, 1, '2026-04-14T09:30:29.919826', '{}');
INSERT INTO public.detection_observations (id, track_id, "timestamp", attributes) VALUES (184, 3, '2026-04-14T09:30:30.139258', '{"mask": true, "hardhat": false}');
INSERT INTO public.detection_observations (id, track_id, "timestamp", attributes) VALUES (185, 13, '2026-04-14T09:30:30.139258', '{"mask": true, "hardhat": false}');
INSERT INTO public.detection_observations (id, track_id, "timestamp", attributes) VALUES (186, 3, '2026-04-14T09:30:30.369338', '{"hardhat": false}');
INSERT INTO public.detection_observations (id, track_id, "timestamp", attributes) VALUES (187, 13, '2026-04-14T09:30:30.369338', '{"hardhat": false}');
INSERT INTO public.detection_observations (id, track_id, "timestamp", attributes) VALUES (188, 3, '2026-04-14T09:30:30.792014', '{"mask": false, "vest": false, "hardhat": true}');
INSERT INTO public.detection_observations (id, track_id, "timestamp", attributes) VALUES (189, 13, '2026-04-14T09:30:30.792014', '{"mask": false, "vest": false, "hardhat": true}');
INSERT INTO public.detection_observations (id, track_id, "timestamp", attributes) VALUES (190, 1, '2026-04-14T09:30:31.029388', '{"hardhat": true}');
INSERT INTO public.detection_observations (id, track_id, "timestamp", attributes) VALUES (191, 3, '2026-04-14T09:30:31.029388', '{"vest": false}');
INSERT INTO public.detection_observations (id, track_id, "timestamp", attributes) VALUES (192, 5, '2026-04-14T09:30:31.029388', '{"vest": false}');
INSERT INTO public.detection_observations (id, track_id, "timestamp", attributes) VALUES (193, 1, '2026-04-14T09:30:31.276359', '{}');
INSERT INTO public.detection_observations (id, track_id, "timestamp", attributes) VALUES (194, 3, '2026-04-14T09:30:31.276359', '{}');
INSERT INTO public.detection_observations (id, track_id, "timestamp", attributes) VALUES (195, 5, '2026-04-14T09:30:31.276359', '{"mask": false, "hardhat": true}');
INSERT INTO public.detection_observations (id, track_id, "timestamp", attributes) VALUES (196, 13, '2026-04-14T09:30:31.276359', '{}');
INSERT INTO public.detection_observations (id, track_id, "timestamp", attributes) VALUES (197, 17, '2026-04-14T09:30:31.276359', '{"mask": false, "hardhat": true}');
INSERT INTO public.detection_observations (id, track_id, "timestamp", attributes) VALUES (198, 5, '2026-04-14T09:30:31.553707', '{}');
INSERT INTO public.detection_observations (id, track_id, "timestamp", attributes) VALUES (199, 17, '2026-04-14T09:30:31.553707', '{}');
INSERT INTO public.detection_observations (id, track_id, "timestamp", attributes) VALUES (200, 13, '2026-04-14T09:30:33.526315', '{"mask": true, "vest": false, "hardhat": false}');
INSERT INTO public.detection_observations (id, track_id, "timestamp", attributes) VALUES (201, 13, '2026-04-14T09:30:38.000216', '{"vest": false, "hardhat": false}');
INSERT INTO public.detection_observations (id, track_id, "timestamp", attributes) VALUES (202, 13, '2026-04-14T09:30:38.407525', '{}');
INSERT INTO public.detection_observations (id, track_id, "timestamp", attributes) VALUES (203, 21, '2026-04-14T09:30:38.839072', '{"mask": false, "vest": false, "hardhat": false}');
INSERT INTO public.detection_observations (id, track_id, "timestamp", attributes) VALUES (204, 21, '2026-04-14T09:30:42.214809', '{"mask": false, "hardhat": false}');
INSERT INTO public.detection_observations (id, track_id, "timestamp", attributes) VALUES (205, 21, '2026-04-14T09:30:42.432604', '{"mask": false, "vest": false, "hardhat": false}');
INSERT INTO public.detection_observations (id, track_id, "timestamp", attributes) VALUES (206, 21, '2026-04-14T09:30:45.895945', '{}');
INSERT INTO public.detection_observations (id, track_id, "timestamp", attributes) VALUES (207, 22, '2026-04-14T09:30:46.334682', '{"mask": false, "vest": false, "hardhat": false}');
INSERT INTO public.detection_observations (id, track_id, "timestamp", attributes) VALUES (209, 3, '2026-04-14T09:30:50.573163', '{}');
INSERT INTO public.detection_observations (id, track_id, "timestamp", attributes) VALUES (210, 4, '2026-04-14T09:30:50.573163', '{}');
INSERT INTO public.detection_observations (id, track_id, "timestamp", attributes) VALUES (211, 5, '2026-04-14T09:30:50.573163', '{}');
INSERT INTO public.detection_observations (id, track_id, "timestamp", attributes) VALUES (212, 7, '2026-04-14T09:30:50.573163', '{}');
INSERT INTO public.detection_observations (id, track_id, "timestamp", attributes) VALUES (213, 8, '2026-04-14T09:30:50.812258', '{}');
INSERT INTO public.detection_observations (id, track_id, "timestamp", attributes) VALUES (214, 9, '2026-04-14T09:30:50.812258', '{}');
INSERT INTO public.detection_observations (id, track_id, "timestamp", attributes) VALUES (215, 10, '2026-04-14T09:30:50.970080', '{}');
INSERT INTO public.detection_observations (id, track_id, "timestamp", attributes) VALUES (216, 12, '2026-04-14T09:30:52.637484', '{}');
INSERT INTO public.detection_observations (id, track_id, "timestamp", attributes) VALUES (217, 13, '2026-04-14T09:30:54.660659', '{}');
INSERT INTO public.detection_observations (id, track_id, "timestamp", attributes) VALUES (218, 15, '2026-04-14T09:30:55.714415', '{}');
INSERT INTO public.detection_observations (id, track_id, "timestamp", attributes) VALUES (219, 18, '2026-04-14T09:30:56.844459', '{}');
INSERT INTO public.detection_observations (id, track_id, "timestamp", attributes) VALUES (220, 23, '2026-04-14T09:30:58.093101', '{}');
INSERT INTO public.detection_observations (id, track_id, "timestamp", attributes) VALUES (221, 24, '2026-04-14T09:31:03.934659', '{}');
INSERT INTO public.detection_observations (id, track_id, "timestamp", attributes) VALUES (222, 29, '2026-04-14T09:31:05.421208', '{}');
INSERT INTO public.detection_observations (id, track_id, "timestamp", attributes) VALUES (223, 31, '2026-04-14T09:31:05.907459', '{}');
INSERT INTO public.detection_observations (id, track_id, "timestamp", attributes) VALUES (224, 32, '2026-04-14T09:31:06.857835', '{}');
INSERT INTO public.detection_observations (id, track_id, "timestamp", attributes) VALUES (225, 33, '2026-04-14T09:31:10.971753', '{}');
INSERT INTO public.detection_observations (id, track_id, "timestamp", attributes) VALUES (226, 34, '2026-04-14T09:31:12.139680', '{}');
INSERT INTO public.detection_observations (id, track_id, "timestamp", attributes) VALUES (227, 35, '2026-04-14T09:31:13.339410', '{}');
INSERT INTO public.detection_observations (id, track_id, "timestamp", attributes) VALUES (228, 36, '2026-04-14T09:31:15.110604', '{}');
INSERT INTO public.detection_observations (id, track_id, "timestamp", attributes) VALUES (229, 1, '2026-04-14T09:31:17.286785', '{}');
INSERT INTO public.detection_observations (id, track_id, "timestamp", attributes) VALUES (230, 2, '2026-04-14T09:31:19.893783', '{}');
INSERT INTO public.detection_observations (id, track_id, "timestamp", attributes) VALUES (231, 3, '2026-04-14T09:31:21.175063', '{}');
INSERT INTO public.detection_observations (id, track_id, "timestamp", attributes) VALUES (232, 4, '2026-04-14T09:31:21.333304', '{}');
INSERT INTO public.detection_observations (id, track_id, "timestamp", attributes) VALUES (233, 5, '2026-04-14T09:31:31.236607', '{}');

SELECT pg_catalog.setval('public.app_config_id_seq', 4, true);
SELECT pg_catalog.setval('public.detection_classes_id_seq', 102, true);
SELECT pg_catalog.setval('public.detection_observations_id_seq', 233, true);

--
-- PostgreSQL database dump complete
--
